BUKRS;Gebiet;ES_Weise;Produkt;Vert;IVW;Menge;Gueltig_ab;Gueltig_bis
0003;ZU21002;;;;BRKASTEN;348;;
0003;ZU21003;;;;BRKASTEN;388;;
0003;ZU21004;;;;BRKASTEN;606;;
0003;ZU21005;;;;BRKASTEN;417;;
0003;ZU21006;;;;BRKASTEN;304;;
0003;ZU21008;;;;BRKASTEN;569;;
0003;ZU21009;;;;BRKASTEN;479;;
0003;ZU21010;;;;BRKASTEN;397;;
0003;ZU21011;;;;BRKASTEN;262;;
0003;ZU21012;;;;BRKASTEN;234;;
0003;ZU21013;;;;BRKASTEN;318;;
0003;ZU21014;;;;BRKASTEN;481;;
0003;ZU21016;;;;BRKASTEN;343;;
0003;ZU21017;;;;BRKASTEN;379;;
0003;ZU21018;;;;BRKASTEN;238;;
0003;ZU21019;;;;BRKASTEN;402;;
0003;ZU21020;;;;BRKASTEN;349;;
0003;ZU01402;;;;BRKASTEN;285;;
0003;ZU01403;;;;BRKASTEN;324;;
0003;ZU01404;;;;BRKASTEN;383;;
0003;ZU01405;;;;BRKASTEN;330;;
0003;ZU01407;;;;BRKASTEN;490;;
0003;ZU01409;;;;BRKASTEN;246;;
0003;ZU01410;;;;BRKASTEN;307;;
0003;ZU01412;;;;BRKASTEN;186;;
0003;ZU01413;;;;BRKASTEN;404;;
0003;ZU01414;;;;BRKASTEN;127;;
0003;ZU01417;;;;BRKASTEN;138;;
0003;ZU01420;;;;BRKASTEN;192;;
0003;ZU01421;;;;BRKASTEN;306;;
0003;ZU01422;;;;BRKASTEN;132;;
0003;ZU01423;;;;BRKASTEN;139;;
0003;ZU01424;;;;BRKASTEN;204;;
0003;ZU01425;;;;BRKASTEN;363;;
0003;ZU01426;;;;BRKASTEN;296;;
0003;ZU01427;;;;BRKASTEN;219;;
0003;ZU01428;;;;BRKASTEN;386;;
0003;ZU01429;;;;BRKASTEN;215;;
0003;ZU01430;;;;BRKASTEN;186;;
0003;ZU01431;;;;BRKASTEN;338;;
0003;ZU01432;;;;BRKASTEN;173;;
0003;ZU01433;;;;BRKASTEN;151;;
0003;ZU01434;;;;BRKASTEN;818;;