Datum,Zeit,Systolisch (mmHg),Diastolisch (mmHg),Puls (bpm),Symptome,Eingenommen,TruRead,Unregelmäßiger Herzschlag festgestellt,Körperbewegungen,Manschettensitzkontrolle,Positionierungsanzeige,Messmodus,Fehler-Nr.,Mögliches AFib,Gerät,Notizen
31 Aug. 2025,07:54,146,89,87,-,-,-, , , , , ,-, ,X4 Smart,-
15 Aug. 2025,07:50,148,95,91,-,-,-, , , , , ,-, ,X4 Smart,-
13 Aug. 2025,06:47,124,85,90,-,-,-, , , , , ,-, ,X4 Smart,-
30 Juli 2025,11:05,125,83,93,-,-,-, , , , , ,-, ,X4 Smart,-
29 Juli 2025,19:46,134,84,92,-,-,-, , , , , ,-, ,X4 Smart,-
28 Juli 2025,08:52,141,94,96,-,-,-, , , , , ,-, ,X4 Smart,-
27 Juli 2025,09:39,125,83,85,-,-,-, , , , , ,-, ,X4 Smart,-
26 Juli 2025,12:43,101,70,103,-,-,-, , , , , ,-, ,X4 Smart,-
26 Juli 2025,08:48,136,90,80,-,-,-, , , , , ,-, ,X4 Smart,-
25 Juli 2025,09:49,132,78,97,-,-,-, , , , , ,-, ,X4 Smart,-
24 Juli 2025,12:03,114,75,97,-,-,-, , , , , ,-, ,X4 Smart,-
24 Juli 2025,08:38,132,87,90,-,-,-, , , , , ,-, ,X4 Smart,-
23 Juli 2025,13:54,122,81,101,-,-,-, , , , , ,-, ,X4 Smart,-
21 Juli 2025,09:08,127,76,99,-,-,-, , , , , ,-, ,X4 Smart,-
20 Juli 2025,10:29,124,78,97,-,-,-, , , , , ,-, ,X4 Smart,-
19 Juli 2025,17:41,140,84,97,-,-,-, , , , , ,-, ,X4 Smart,-
19 Juli 2025,08:58,129,87,83,-,-,-, , , , , ,-, ,X4 Smart,-
18 Juli 2025,08:01,123,89,85,-,-,-, ,Festgestellt, , , ,-, ,X4 Smart,-
17 Juli 2025,08:43,133,90,88,-,-,-, , , , , ,-, ,X4 Smart,-
16 Juli 2025,08:39,127,85,85,-,-,-, , , , , ,-, ,X4 Smart,-
14 Juli 2025,12:51,119,81,93,-,-,-, , , , , ,-, ,X4 Smart,-
14 Juli 2025,09:09,138,94,90,-,-,-, , , , , ,-, ,X4 Smart,-
13 Juli 2025,10:51,117,79,104,-,-,-, , , , , ,-, ,X4 Smart,-
11 Juli 2025,07:36,115,84,94,-,-,-, , , , , ,-, ,X4 Smart,-
10 Juli 2025,06:52,116,82,90,-,-,-, , , , , ,-, ,X4 Smart,-
08 Juli 2025,06:52,124,84,89,-,-,-, , , , , ,-, ,X4 Smart,-
02 Juli 2025,19:53,125,81,89,-,-,-, , , , , ,-, ,X4 Smart,-
30 Juni 2025,20:32,132,81,99,-,-,-, , , , , ,-, ,X4 Smart,-
29 Juni 2025,09:25,119,88,85,-,-,-, , , , , ,-, ,X4 Smart,-
28 Juni 2025,16:04,121,73,104,-,-,-, , , , , ,-, ,X4 Smart,-
27 Juni 2025,07:45,117,82,96,-,-,-, , , , , ,-, ,X4 Smart,-
26 Juni 2025,06:50,119,80,92,-,-,-, , , , , ,-, ,X4 Smart,-
24 Juni 2025,18:07,120,80,99,-,-,-, , , , , ,-, ,X4 Smart,-
23 Juni 2025,17:03,125,84,92,-,-,-, , , , , ,-, ,X4 Smart,-
23 Juni 2025,06:47,135,87,89,-,-,-, , , , , ,-, ,X4 Smart,-
22 Juni 2025,21:54,145,91,84,-,-,-, , , , , ,-, ,X4 Smart,-
22 Juni 2025,12:56,129,74,100,-,-,-, , , , , ,-, ,X4 Smart,-
22 Juni 2025,09:17,136,92,86,-,-,-, , , , , ,-, ,X4 Smart,-
21 Juni 2025,22:46,157,99,79,-,-,-, , , , , ,-, ,X4 Smart,-
21 Juni 2025,08:28,138,90,83,-,-,-, , , , , ,-, ,X4 Smart,-
19 Juni 2025,19:21,136,86,92,-,-,-, , , , , ,-, ,X4 Smart,-
19 Juni 2025,08:51,118,86,88,-,-,-, , , , , ,-, ,X4 Smart,-
18 Juni 2025,06:45,121,81,85,-,-,-, , , , , ,-, ,X4 Smart,-
17 Juni 2025,20:17,139,89,92,-,-,-, , , , , ,-, ,X4 Smart,-
15 Juni 2025,11:24,115,69,104,-,-,-, , , , , ,-, ,X4 Smart,-
13 Juni 2025,07:42,156,93,83,-,-,-, , , , , ,-, ,X4 Smart,-
12 Juni 2025,06:48,137,90,88,-,-,-, , , , , ,-, ,X4 Smart,-
11 Juni 2025,06:49,126,89,87,-,-,-, , , , , ,-, ,X4 Smart,-
09 Juni 2025,14:38,126,81,100,-,-,-, , , , , ,-, ,X4 Smart,-
08 Juni 2025,11:05,129,77,100,-,-,-, , , , , ,-, ,X4 Smart,-
08 Juni 2025,10:04,131,83,99,-,-,-, , , , , ,-, ,X4 Smart,-
07 Juni 2025,09:14,143,96,82,-,-,-, , , , , ,-, ,X4 Smart,-

Datum,Zeit,Gewicht (kg),BMI,Kategorie,Ruhestoffwechsel,Skelettmuskeln in %,Körperfett in %,Organfettanteil

Datum,Zeit,Sauerstoffgehalt (%),Puls (bpm)
28 Aug. 2025,14:00,94,98
28 Aug. 2025,13:27,97,107
27 Aug. 2025,08:10,94,97
26 Aug. 2025,13:57,95,94
26 Aug. 2025,11:14,98,88
12 Aug. 2025,11:28,98,88
11 Aug. 2025,14:54,94,98
29 Juli 2025,17:30,94,91
29 Juli 2025,14:01,94,90
24 Juli 2025,15:01,97,85
21 Juli 2025,16:19,93,99
18 Juli 2025,21:02,96,92
15 Juli 2025,09:28,97,96
11 Juli 2025,10:08,96,79
11 Juli 2025,09:34,87,97
10 Juli 2025,21:18,94,83
10 Juli 2025,18:34,95,70
10 Juli 2025,18:02,98,86
10 Juli 2025,17:06,96,99
23 Juni 2025,20:25,97,86
23 Juni 2025,19:25,91,87
21 Juni 2025,12:05,97,97
21 Juni 2025,09:38,94,87
20 Juni 2025,15:52,92,93
18 Juni 2025,14:32,94,98

